{"cameraMode":{"drawMode":0,"name":"Shaded","section":"Shading Mode"},"sceneLighting":true,"audioPlay":false,"sceneViewState":{"m_AlwaysRefresh":false,"showFog":true,"showSkybox":true,"showFlares":true,"showImageEffects":true,"showParticleSystems":true,"showVisualEffectGraphs":true,"m_FxEnabled":true},"in2DMode":false,"pivot":{"x":-0.2120821624994278,"y":0.8102729320526123,"z":-0.5994451642036438},"rotation":{"x":0.00014951206685509533,"y":0.9993875026702881,"z":-0.03480244427919388,"w":0.004298494663089514},"size":12.912179946899414,"orthographic":false}